marca,producto,nombre_de_archivo_exacto,carpeta
Lattafa,Asad Zanzibar,lattafa-asad-zanzibar.jpg,assets/perfumes/
Lattafa,Asad Elixir,lattafa-asad-elixir.jpg,assets/perfumes/
Lattafa,Qaed al Fursan,lattafa-qaed-al-fursan.jpg,assets/perfumes/
Lattafa,Qaed al Fursan Untamed,lattafa-qaed-al-fursan-untamed.jpg,assets/perfumes/
Lattafa,Qaed al Fursan Unlimited,lattafa-qaed-al-fursan-unlimited.jpg,assets/perfumes/
Lattafa,Dukhan,lattafa-dukhan.jpg,assets/perfumes/
Lattafa,Waha,lattafa-waha.jpg,assets/perfumes/
Lattafa,Qahwa,lattafa-qahwa.jpg,assets/perfumes/
Lattafa,Yara Pink,lattafa-yara-pink.jpg,assets/perfumes/
Lattafa,Nebras,lattafa-nebras.jpg,assets/perfumes/
Lattafa,Mayar,lattafa-mayar.jpg,assets/perfumes/
Lattafa,Eclaire,lattafa-eclaire.jpg,assets/perfumes/
Lattafa,The Kingdom Women,lattafa-the-kingdom-women.jpg,assets/perfumes/
Lattafa,Atlas Canyon,lattafa-atlas-canyon.jpg,assets/perfumes/
Lattafa,Emeer,lattafa-emeer.jpg,assets/perfumes/
Lattafa,Emaan,lattafa-emaan.jpg,assets/perfumes/
Lattafa,Fakhar Black,lattafa-fakhar-black.jpg,assets/perfumes/
Lattafa,Fakhar Platin,lattafa-fakhar-platin.jpg,assets/perfumes/
Lattafa,Fakhar Gold,lattafa-fakhar-gold.jpg,assets/perfumes/
Lattafa,Fakhar Rose Gold,lattafa-fakhar-rose-gold.jpg,assets/perfumes/
Lattafa,Fakhar Gold Extrait,lattafa-fakhar-gold-extrait.jpg,assets/perfumes/
Lattafa,Maahir Legacy,lattafa-maahir-legacy.jpg,assets/perfumes/
Lattafa,Yara Candy,lattafa-yara-candy.jpg,assets/perfumes/
Lattafa,Yara Moi,lattafa-yara-moi.jpg,assets/perfumes/
Lattafa,Yara Elixir,lattafa-yara-elixir.jpg,assets/perfumes/
Lattafa,Yara Tous,lattafa-yara-tous.jpg,assets/perfumes/
Lattafa,Teriaq Intense,lattafa-teriaq-intense.jpg,assets/perfumes/
Lattafa,The Kingdom,lattafa-the-kingdom.jpg,assets/perfumes/
Lattafa,Shaheen Gold,lattafa-shaheen-gold.jpg,assets/perfumes/
Lattafa,Hayaati al Maleky,lattafa-hayaati-al-maleky.jpg,assets/perfumes/
Lattafa,Khanjar Niche Emarati,lattafa-khanjar-niche-emarati.jpg,assets/perfumes/
Lattafa,Shaheen Silver,lattafa-shaheen-silver.jpg,assets/perfumes/
Lattafa,Mayar Cherry Intense,lattafa-mayar-cherry-intense.jpg,assets/perfumes/
Lattafa,Her Confession,lattafa-her-confession.jpg,assets/perfumes/
Lattafa,His Confession,lattafa-his-confession.jpg,assets/perfumes/
Lattafa,Mayar Natural Intense,lattafa-mayar-natural-intense.jpg,assets/perfumes/
Lattafa,Hayaati Black,lattafa-hayaati-black.jpg,assets/perfumes/
Lattafa,Hayaati Florence,lattafa-hayaati-florence.jpg,assets/perfumes/
Lattafa,Al Noble Safeer,lattafa-al-noble-safeer.jpg,assets/perfumes/
Lattafa,Jasoor,lattafa-jasoor.jpg,assets/perfumes/
Lattafa,Raneen,lattafa-raneen.jpg,assets/perfumes/
Lattafa,Victoria,lattafa-victoria.jpg,assets/perfumes/
Lattafa,Ajwad,lattafa-ajwad.jpg,assets/perfumes/
Lattafa,Sakeena,lattafa-sakeena.jpg,assets/perfumes/
Lattafa,Maahir Black,lattafa-maahir-black.jpg,assets/perfumes/
Lattafa,Ansaam Silver Pride,lattafa-ansaam-silver-pride.jpg,assets/perfumes/
Lattafa,Mohra Silky Rose,lattafa-mohra-silky-rose.jpg,assets/perfumes/
Lattafa,Vintage Radio,lattafa-vintage-radio.jpg,assets/perfumes/
Lattafa,Musamam White Intense,lattafa-musamam-white-intense.jpg,assets/perfumes/
Lattafa,Confidential Private Gold,lattafa-confidential-private-gold.jpg,assets/perfumes/
Lattafa,Rave Now Black,lattafa-rave-now-black.jpg,assets/perfumes/
Lattafa,Taureau de Combat,lattafa-taureau-de-combat.jpg,assets/perfumes/
Lattafa,Art of Universe,lattafa-art-of-universe.jpg,assets/perfumes/
Lattafa,Ansaam Gold Pride,lattafa-ansaam-gold-pride.jpg,assets/perfumes/
Lattafa,Hayaati Gold Elixir,lattafa-hayaati-gold-elixir.jpg,assets/perfumes/
Lattafa,Angham Second Sons,lattafa-angham-second-sons.jpg,assets/perfumes/
Lattafa,Ishq Al Shuyukh Gold,lattafa-ishq-al-shuyukh-gold.jpg,assets/perfumes/
Lattafa,Ishq Al Shuyukh Silver,lattafa-ishq-al-shuyukh-silver.jpg,assets/perfumes/
Lattafa,Rave Now Women,lattafa-rave-now-women.jpg,assets/perfumes/
Lattafa,Bade’e al Oud Blush,lattafa-bade-e-al-oud-blush.jpg,assets/perfumes/
Lattafa,Bade’e al Oud For Glory,lattafa-bade-e-al-oud-for-glory.jpg,assets/perfumes/
Lattafa,Bade’e Amethyst,lattafa-bade-e-amethyst.jpg,assets/perfumes/
Lattafa,Bade’e al Oud Black Exposed,lattafa-bade-e-al-oud-black-exposed.jpg,assets/perfumes/
Lattafa,Bade’e al Oud Honor and Glory,lattafa-bade-e-al-oud-honor-and-glory.jpg,assets/perfumes/
Lattafa,Bade’e al Oud Sublime,lattafa-bade-e-al-oud-sublime.jpg,assets/perfumes/
Lattafa,Qimmah For Women Verde,lattafa-qimmah-for-women-verde.jpg,assets/perfumes/
Lattafa,Give me Gourmand Vanilla Freak,lattafa-give-me-gourmand-vanilla-freak.jpg,assets/perfumes/
Lattafa,Give me Gourmand Mallow Madness,lattafa-give-me-gourmand-mallow-madness.jpg,assets/perfumes/
Lattafa,Give me Gourmand Choco Overdose,lattafa-give-me-gourmand-choco-overdose.jpg,assets/perfumes/
Lattafa,Give me Gourmand Whipped Pleasure,lattafa-give-me-gourmand-whipped-pleasure.jpg,assets/perfumes/
Lattafa,Give me Gourmand Berry on Top,lattafa-give-me-gourmand-berry-on-top.jpg,assets/perfumes/
Afnan,Turathi Blue,afnan-turathi-blue.jpg,assets/perfumes/
Afnan,Turathi Electric,afnan-turathi-electric.jpg,assets/perfumes/
Afnan,9pm Black,afnan-9pm-black.jpg,assets/perfumes/
Afnan,9pm Night Out,afnan-9pm-night-out.jpg,assets/perfumes/
Afnan,9pm Pour Femme,afnan-9pm-pour-femme.jpg,assets/perfumes/
Afnan,9pm Rebel,afnan-9pm-rebel.jpg,assets/perfumes/
Afnan,9pm Elixir,afnan-9pm-elixir.jpg,assets/perfumes/
Afnan,9am Pour Femme,afnan-9am-pour-femme.jpg,assets/perfumes/
Afnan,9am Dive,afnan-9am-dive.jpg,assets/perfumes/
Afnan,9am Yellow,afnan-9am-yellow.jpg,assets/perfumes/
Afnan,Supremacy Silver,afnan-supremacy-silver.jpg,assets/perfumes/
Afnan,Supremacy CE,afnan-supremacy-ce.jpg,assets/perfumes/
Armaf,CDN Urban Elixir,armaf-cdn-urban-elixir.jpg,assets/perfumes/
Armaf,CDN Untold,armaf-cdn-untold.jpg,assets/perfumes/
Armaf,CDN Iconic,armaf-cdn-iconic.jpg,assets/perfumes/
Armaf,CDN Precieux,armaf-cdn-precieux.jpg,assets/perfumes/
Armaf,CDN Lionheart,armaf-cdn-lionheart.jpg,assets/perfumes/
Armaf,CDN Bling,armaf-cdn-bling.jpg,assets/perfumes/
Armaf,CDN Maleka,armaf-cdn-maleka.jpg,assets/perfumes/
Armaf,CDN Oud,armaf-cdn-oud.jpg,assets/perfumes/
Armaf,CDN Woman,armaf-cdn-woman.jpg,assets/perfumes/
Armaf,CDN Imperiale,armaf-cdn-imperiale.jpg,assets/perfumes/
Armaf,Odyssey Homme White,armaf-odyssey-homme-white.jpg,assets/perfumes/
Armaf,Odyssey Limoni,armaf-odyssey-limoni.jpg,assets/perfumes/
Armaf,Oddysey Artisto,armaf-oddysey-artisto.jpg,assets/perfumes/
Armaf,Oddysey Aqua,armaf-oddysey-aqua.jpg,assets/perfumes/
Armaf,Odyssey Spectra,armaf-odyssey-spectra.jpg,assets/perfumes/
Armaf,Odyssey Eau De Montagne,armaf-odyssey-eau-de-montagne.jpg,assets/perfumes/
Armaf,Odyssey Revolution,armaf-odyssey-revolution.jpg,assets/perfumes/
Armaf,Odyssey Go Mango,armaf-odyssey-go-mango.jpg,assets/perfumes/
Armaf,Odyssey Mandarin Sky,armaf-odyssey-mandarin-sky.jpg,assets/perfumes/
Armaf,Mandarin Sky Elixir,armaf-mandarin-sky-elixir.jpg,assets/perfumes/
Armaf,Odyssey Homme Black,armaf-odyssey-homme-black.jpg,assets/perfumes/
Armaf,Odyssey Tyrant,armaf-odyssey-tyrant.jpg,assets/perfumes/
Armaf,Odyssey Wild One,armaf-odyssey-wild-one.jpg,assets/perfumes/
Armaf,Odyssey Bahamas,armaf-odyssey-bahamas.jpg,assets/perfumes/
Armaf,Odyssey Mega,armaf-odyssey-mega.jpg,assets/perfumes/
Armaf,Odyssey Marshmellow,armaf-odyssey-marshmellow.jpg,assets/perfumes/
Armaf,Odyssey Candee,armaf-odyssey-candee.jpg,assets/perfumes/
Armaf,Miss Chic,armaf-miss-chic.jpg,assets/perfumes/
Armaf,Dunescape,armaf-dunescape.jpg,assets/perfumes/
Armaf,Yum Yum,armaf-yum-yum.jpg,assets/perfumes/
Armaf,Island Bliss,armaf-island-bliss.jpg,assets/perfumes/
Armaf,Beach Party,armaf-beach-party.jpg,assets/perfumes/
French Avenue,Liquid Brun Limited Edition,french-avenue-liquid-brun-limited-edition.jpg,assets/perfumes/
French Avenue,Cocoa Morado,french-avenue-cocoa-morado.jpg,assets/perfumes/
French Avenue,Spectre Ghost,french-avenue-spectre-ghost.jpg,assets/perfumes/
French Avenue,Spectre Wrath,french-avenue-spectre-wrath.jpg,assets/perfumes/
French Avenue,Atlantis Extrait,french-avenue-atlantis-extrait.jpg,assets/perfumes/
French Avenue,Veneno Blanco,french-avenue-veneno-blanco.jpg,assets/perfumes/
French Avenue,Vulcan Feu,french-avenue-vulcan-feu.jpg,assets/perfumes/
Bharara,Rey De Reyes,bharara-rey-de-reyes.jpg,assets/perfumes/
Bharara,King Parfum,bharara-king-parfum.jpg,assets/perfumes/
Bharara,King EDP,bharara-king-edp.jpg,assets/perfumes/
Rasasi,Hawas Ice,rasasi-hawas-ice.jpg,assets/perfumes/
Rasasi,For Him,rasasi-for-him.jpg,assets/perfumes/
Rasasi,Malibu,rasasi-malibu.jpg,assets/perfumes/
Rasasi,Tropical,rasasi-tropical.jpg,assets/perfumes/
Rasasi,Black,rasasi-black.jpg,assets/perfumes/
Rasasi,Kobra,rasasi-kobra.jpg,assets/perfumes/
Rasasi,For Her,rasasi-for-her.jpg,assets/perfumes/
Rasasi,Fire,rasasi-fire.jpg,assets/perfumes/
Rasasi,Verde,rasasi-verde.jpg,assets/perfumes/
Rasasi,For Her Pink,rasasi-for-her-pink.jpg,assets/perfumes/
Rasasi,Elixir,rasasi-elixir.jpg,assets/perfumes/
Rasasi,Diva,rasasi-diva.jpg,assets/perfumes/
Rayhaan,Elixir,rayhaan-elixir.jpg,assets/perfumes/
Rayhaan,Aquatica,rayhaan-aquatica.jpg,assets/perfumes/
Rayhaan,Valhalla,rayhaan-valhalla.jpg,assets/perfumes/
Rayhaan,Italia,rayhaan-italia.jpg,assets/perfumes/
Maison Alhambra,Salvo Elixir,maison-alhambra-salvo-elixir.jpg,assets/perfumes/
Maison Alhambra,Salvo Intense,maison-alhambra-salvo-intense.jpg,assets/perfumes/
Maison Alhambra,Salvo EDP,maison-alhambra-salvo-edp.jpg,assets/perfumes/
Maison Alhambra,Victorioso Heroic,maison-alhambra-victorioso-heroic.jpg,assets/perfumes/
Maison Alhambra,Smoky Touch,maison-alhambra-smoky-touch.jpg,assets/perfumes/
Maison Alhambra,No.2 Men,maison-alhambra-no-2-men.jpg,assets/perfumes/
Maison Alhambra,Summer Forever,maison-alhambra-summer-forever.jpg,assets/perfumes/
Maison Alhambra,Perseus Exclusif,maison-alhambra-perseus-exclusif.jpg,assets/perfumes/
Maison Alhambra,Opulence Leather,maison-alhambra-opulence-leather.jpg,assets/perfumes/
Maison Alhambra,Jorge Di Profumo Black,maison-alhambra-jorge-di-profumo-black.jpg,assets/perfumes/
Maison Alhambra,Jean Lowe Noir,maison-alhambra-jean-lowe-noir.jpg,assets/perfumes/
Maison Alhambra,Jean Lowe Immortal,maison-alhambra-jean-lowe-immortal.jpg,assets/perfumes/
Maison Alhambra,Reyna Pour Femme,maison-alhambra-reyna-pour-femme.jpg,assets/perfumes/
Maison Alhambra,Glacier Gold,maison-alhambra-glacier-gold.jpg,assets/perfumes/
Maison Alhambra,Your Touch Intense,maison-alhambra-your-touch-intense.jpg,assets/perfumes/
Maison Alhambra,Jorge Di Profumo Deep Blue,maison-alhambra-jorge-di-profumo-deep-blue.jpg,assets/perfumes/
Maison Alhambra,Philos Rosso,maison-alhambra-philos-rosso.jpg,assets/perfumes/
Maison Alhambra,Philos Pura,maison-alhambra-philos-pura.jpg,assets/perfumes/
Maison Alhambra,Philos Shine,maison-alhambra-philos-shine.jpg,assets/perfumes/
Maison Alhambra,La Vita Bella Intensa,maison-alhambra-la-vita-bella-intensa.jpg,assets/perfumes/
Maison Alhambra,Jean Lowe Vibe,maison-alhambra-jean-lowe-vibe.jpg,assets/perfumes/
Al Haramain,Amber Oud Aqua Dubai,al-haramain-amber-oud-aqua-dubai.jpg,assets/perfumes/
Al Haramain,Ultra Violet,al-haramain-ultra-violet.jpg,assets/perfumes/
Al Haramain,White Edition,al-haramain-white-edition.jpg,assets/perfumes/
Al Haramain,Gold Edition,al-haramain-gold-edition.jpg,assets/perfumes/
Al Haramain,Dubai Night,al-haramain-dubai-night.jpg,assets/perfumes/
Al Haramain,Gold Edition EDP,al-haramain-gold-edition-edp.jpg,assets/perfumes/
